Unnamed: 0,destination,user_id,rating
0,Dharamshala,1.0,5.0
1,Dharamshala,2.0,4.5
2,Dharamshala,4.0,3.0
3,"Jaipur, Jodhpur, Udaipur",,
4,Goa,1.0,4.0
5,Goa,2.0,5.0
6,Goa,3.0,2.5
7,Goa,4.0,4.5
8,Goa,1.0,4.0
9,Goa,2.0,5.0
10,Goa,3.0,2.5
11,Goa,4.0,4.5
12,Jaipur,1.0,3.0
13,Jaipur,3.0,4.0
14,Jaipur,5.0,4.0
15,"Jaipur, Jodhpur, Udaipur",,
16,Dharamshala,1.0,5.0
17,Dharamshala,2.0,4.5
18,Dharamshala,4.0,3.0
19,Udaipur,,
20,Goa,1.0,4.0
21,Goa,2.0,5.0
22,Goa,3.0,2.5
23,Goa,4.0,4.5
24,Goa,1.0,4.0
25,Goa,2.0,5.0
26,Goa,3.0,2.5
27,Goa,4.0,4.5
28,Goa,1.0,4.0
29,Goa,2.0,5.0
30,Goa,3.0,2.5
31,Goa,4.0,4.5
32,Jaipur,1.0,3.0
33,Jaipur,3.0,4.0
34,Jaipur,5.0,4.0
35,Srinagar,,
36,Jaipur,1.0,3.0
37,Jaipur,3.0,4.0
38,Jaipur,5.0,4.0
39,Jaipur,1.0,3.0
40,Jaipur,3.0,4.0
41,Jaipur,5.0,4.0
42,Dharamshala,1.0,5.0
43,Dharamshala,2.0,4.5
44,Dharamshala,4.0,3.0
45,Goa,1.0,4.0
46,Goa,2.0,5.0
47,Goa,3.0,2.5
48,Goa,4.0,4.5
49,Goa,1.0,4.0
50,Goa,2.0,5.0
51,Goa,3.0,2.5
52,Goa,4.0,4.5
53,Chennai,,
54,Srinagar,,
55,Udaipur,,
56,Jaipur,1.0,3.0
57,Jaipur,3.0,4.0
58,Jaipur,5.0,4.0
59,Goa,1.0,4.0
60,Goa,2.0,5.0
61,Goa,3.0,2.5
62,Goa,4.0,4.5
63,Dharamshala,1.0,5.0
64,Dharamshala,2.0,4.5
65,Dharamshala,4.0,3.0
66,Srinagar,,
67,Jaipur,1.0,3.0
68,Jaipur,3.0,4.0
69,Jaipur,5.0,4.0
70,Goa,1.0,4.0
71,Goa,2.0,5.0
72,Goa,3.0,2.5
73,Goa,4.0,4.5
74,Goa,1.0,4.0
75,Goa,2.0,5.0
76,Goa,3.0,2.5
77,Goa,4.0,4.5
78,Udaipur,,
79,Udaipur,,
80,Nainital,,
81,Goa,1.0,4.0
82,Goa,2.0,5.0
83,Goa,3.0,2.5
84,Goa,4.0,4.5
85,Jaipur,1.0,3.0
86,Jaipur,3.0,4.0
87,Jaipur,5.0,4.0
88,Nainital,,
89,Srinagar,,
90,Goa,1.0,4.0
91,Goa,2.0,5.0
92,Goa,3.0,2.5
93,Goa,4.0,4.5
94,Goa,1.0,4.0
95,Goa,2.0,5.0
96,Goa,3.0,2.5
97,Goa,4.0,4.5
98,Srinagar,,
99,Manali,,
100,"Jaipur, Jodhpur, Udaipur",,
101,Dharamshala,1.0,5.0
102,Dharamshala,2.0,4.5
103,Dharamshala,4.0,3.0
104,Jaipur,1.0,3.0
105,Jaipur,3.0,4.0
106,Jaipur,5.0,4.0
107,Srinagar,,
108,Shimla,,
109,Dharamshala,1.0,5.0
110,Dharamshala,2.0,4.5
111,Dharamshala,4.0,3.0
112,Jaipur,1.0,3.0
113,Jaipur,3.0,4.0
114,Jaipur,5.0,4.0
115,Goa,1.0,4.0
116,Goa,2.0,5.0
117,Goa,3.0,2.5
118,Goa,4.0,4.5
119,Goa,1.0,4.0
120,Goa,2.0,5.0
121,Goa,3.0,2.5
122,Goa,4.0,4.5
123,Goa,1.0,4.0
124,Goa,2.0,5.0
125,Goa,3.0,2.5
126,Goa,4.0,4.5
127,Jaipur,1.0,3.0
128,Jaipur,3.0,4.0
129,Jaipur,5.0,4.0
130,Nainital,,
131,Srinagar,,
132,Udaipur,,
133,Manali,,
134,Dharamshala,1.0,5.0
135,Dharamshala,2.0,4.5
136,Dharamshala,4.0,3.0
137,Shimla,,
138,Udaipur,,
139,Manali,,
140,Goa,1.0,4.0
141,Goa,2.0,5.0
142,Goa,3.0,2.5
143,Goa,4.0,4.5
144,Goa,1.0,4.0
145,Goa,2.0,5.0
146,Goa,3.0,2.5
147,Goa,4.0,4.5
148,Shimla,,
149,Udaipur,,
150,Goa,1.0,4.0
151,Goa,2.0,5.0
152,Goa,3.0,2.5
153,Goa,4.0,4.5
154,Goa,1.0,4.0
155,Goa,2.0,5.0
156,Goa,3.0,2.5
157,Goa,4.0,4.5
158,Goa,1.0,4.0
159,Goa,2.0,5.0
160,Goa,3.0,2.5
161,Goa,4.0,4.5
162,Goa,1.0,4.0
163,Goa,2.0,5.0
164,Goa,3.0,2.5
165,Goa,4.0,4.5
166,Jaipur,1.0,3.0
167,Jaipur,3.0,4.0
168,Jaipur,5.0,4.0
169,Srinagar,,
170,Jaipur,1.0,3.0
171,Jaipur,3.0,4.0
172,Jaipur,5.0,4.0
173,Goa,1.0,4.0
174,Goa,2.0,5.0
175,Goa,3.0,2.5
176,Goa,4.0,4.5
177,Agra,,
178,Srinagar,,
179,Goa,1.0,4.0
180,Goa,2.0,5.0
181,Goa,3.0,2.5
182,Goa,4.0,4.5
183,Jaipur,1.0,3.0
184,Jaipur,3.0,4.0
185,Jaipur,5.0,4.0
186,Udaipur,,
187,Udaipur,,
188,Goa,1.0,4.0
189,Goa,2.0,5.0
190,Goa,3.0,2.5
191,Goa,4.0,4.5
192,Srinagar,,
193,"Jaipur, Jodhpur, Udaipur",,
194,Udaipur,,
195,Goa,1.0,4.0
196,Goa,2.0,5.0
197,Goa,3.0,2.5
198,Goa,4.0,4.5
199,Jaipur,1.0,3.0
200,Jaipur,3.0,4.0
201,Jaipur,5.0,4.0
202,Dharamshala,1.0,5.0
203,Dharamshala,2.0,4.5
204,Dharamshala,4.0,3.0
205,Jaipur,1.0,3.0
206,Jaipur,3.0,4.0
207,Jaipur,5.0,4.0
208,Jaipur,1.0,3.0
209,Jaipur,3.0,4.0
210,Jaipur,5.0,4.0
211,Dharamshala,1.0,5.0
212,Dharamshala,2.0,4.5
213,Dharamshala,4.0,3.0
214,Srinagar,,
215,Jaipur,1.0,3.0
216,Jaipur,3.0,4.0
217,Jaipur,5.0,4.0
218,Dharamshala,1.0,5.0
219,Dharamshala,2.0,4.5
220,Dharamshala,4.0,3.0
221,Goa,1.0,4.0
222,Goa,2.0,5.0
223,Goa,3.0,2.5
224,Goa,4.0,4.5
225,Goa,1.0,4.0
226,Goa,2.0,5.0
227,Goa,3.0,2.5
228,Goa,4.0,4.5
229,"Jaipur, Jodhpur, Udaipur",,
230,Goa,1.0,4.0
231,Goa,2.0,5.0
232,Goa,3.0,2.5
233,Goa,4.0,4.5
234,Goa,1.0,4.0
235,Goa,2.0,5.0
236,Goa,3.0,2.5
237,Goa,4.0,4.5
238,Shimla,,
239,Goa,1.0,4.0
240,Goa,2.0,5.0
241,Goa,3.0,2.5
242,Goa,4.0,4.5
243,Manali,,
244,Goa,1.0,4.0
245,Goa,2.0,5.0
246,Goa,3.0,2.5
247,Goa,4.0,4.5
248,Srinagar,,
249,Udaipur,,
250,Srinagar,,
251,Udaipur,,
252,Udaipur,,
253,Goa,1.0,4.0
254,Goa,2.0,5.0
255,Goa,3.0,2.5
256,Goa,4.0,4.5
257,Shimla,,
258,Udaipur,,
259,Goa,1.0,4.0
260,Goa,2.0,5.0
261,Goa,3.0,2.5
262,Goa,4.0,4.5
263,Chennai,,
264,Goa,1.0,4.0
265,Goa,2.0,5.0
266,Goa,3.0,2.5
267,Goa,4.0,4.5
268,Goa,1.0,4.0
269,Goa,2.0,5.0
270,Goa,3.0,2.5
271,Goa,4.0,4.5
272,Goa,1.0,4.0
273,Goa,2.0,5.0
274,Goa,3.0,2.5
275,Goa,4.0,4.5
276,Jaipur,1.0,3.0
277,Jaipur,3.0,4.0
278,Jaipur,5.0,4.0
279,Srinagar,,
280,Jaipur,1.0,3.0
281,Jaipur,3.0,4.0
282,Jaipur,5.0,4.0
283,Jaipur,1.0,3.0
284,Jaipur,3.0,4.0
285,Jaipur,5.0,4.0
286,Goa,1.0,4.0
287,Goa,2.0,5.0
288,Goa,3.0,2.5
289,Goa,4.0,4.5
290,Goa,1.0,4.0
291,Goa,2.0,5.0
292,Goa,3.0,2.5
293,Goa,4.0,4.5
294,Dharamshala,1.0,5.0
295,Dharamshala,2.0,4.5
296,Dharamshala,4.0,3.0
297,Jaipur,1.0,3.0
298,Jaipur,3.0,4.0
299,Jaipur,5.0,4.0
300,"Jaipur, Jodhpur, Udaipur",,
301,"Jaipur, Jodhpur, Udaipur",,
302,Goa,1.0,4.0
303,Goa,2.0,5.0
304,Goa,3.0,2.5
305,Goa,4.0,4.5
306,Nainital,,
307,Goa,1.0,4.0
308,Goa,2.0,5.0
309,Goa,3.0,2.5
310,Goa,4.0,4.5
311,Goa,1.0,4.0
312,Goa,2.0,5.0
313,Goa,3.0,2.5
314,Goa,4.0,4.5
315,Jaipur,1.0,3.0
316,Jaipur,3.0,4.0
317,Jaipur,5.0,4.0
318,Goa,1.0,4.0
319,Goa,2.0,5.0
320,Goa,3.0,2.5
321,Goa,4.0,4.5
322,Jaipur,1.0,3.0
323,Jaipur,3.0,4.0
324,Jaipur,5.0,4.0
325,Goa,1.0,4.0
326,Goa,2.0,5.0
327,Goa,3.0,2.5
328,Goa,4.0,4.5
329,Manali,,
330,Goa,1.0,4.0
331,Goa,2.0,5.0
332,Goa,3.0,2.5
333,Goa,4.0,4.5
334,Udaipur,,
335,Goa,1.0,4.0
336,Goa,2.0,5.0
337,Goa,3.0,2.5
338,Goa,4.0,4.5
339,Goa,1.0,4.0
340,Goa,2.0,5.0
341,Goa,3.0,2.5
342,Goa,4.0,4.5
343,Dharamshala,1.0,5.0
344,Dharamshala,2.0,4.5
345,Dharamshala,4.0,3.0
346,Srinagar,,
347,Udaipur,,
348,Jaipur,1.0,3.0
349,Jaipur,3.0,4.0
350,Jaipur,5.0,4.0
351,Goa,1.0,4.0
352,Goa,2.0,5.0
353,Goa,3.0,2.5
354,Goa,4.0,4.5
355,Dharamshala,1.0,5.0
356,Dharamshala,2.0,4.5
357,Dharamshala,4.0,3.0
358,Goa,1.0,4.0
359,Goa,2.0,5.0
360,Goa,3.0,2.5
361,Goa,4.0,4.5
362,Chennai,,
363,"Jaipur, Jodhpur, Udaipur",,
364,Jaipur,1.0,3.0
365,Jaipur,3.0,4.0
366,Jaipur,5.0,4.0
367,Manali,,
368,Goa,1.0,4.0
369,Goa,2.0,5.0
370,Goa,3.0,2.5
371,Goa,4.0,4.5
372,Manali,,
373,Goa,1.0,4.0
374,Goa,2.0,5.0
375,Goa,3.0,2.5
376,Goa,4.0,4.5
377,Goa,1.0,4.0
378,Goa,2.0,5.0
379,Goa,3.0,2.5
380,Goa,4.0,4.5
381,Goa,1.0,4.0
382,Goa,2.0,5.0
383,Goa,3.0,2.5
384,Goa,4.0,4.5
385,Goa,1.0,4.0
386,Goa,2.0,5.0
387,Goa,3.0,2.5
388,Goa,4.0,4.5
389,Manali,,
390,Manali,,
391,Udaipur,,
392,Srinagar,,
393,Jaipur,1.0,3.0
394,Jaipur,3.0,4.0
395,Jaipur,5.0,4.0
396,Goa,1.0,4.0
397,Goa,2.0,5.0
398,Goa,3.0,2.5
399,Goa,4.0,4.5
400,Srinagar,,
401,Goa,1.0,4.0
402,Goa,2.0,5.0
403,Goa,3.0,2.5
404,Goa,4.0,4.5
405,Goa,1.0,4.0
406,Goa,2.0,5.0
407,Goa,3.0,2.5
408,Goa,4.0,4.5
409,Srinagar,,
410,Udaipur,,
411,Udaipur,,
412,Goa,1.0,4.0
413,Goa,2.0,5.0
414,Goa,3.0,2.5
415,Goa,4.0,4.5
416,Manali,,
417,Goa,1.0,4.0
418,Goa,2.0,5.0
419,Goa,3.0,2.5
420,Goa,4.0,4.5
421,Udaipur,,
422,Dharamshala,1.0,5.0
423,Dharamshala,2.0,4.5
424,Dharamshala,4.0,3.0
425,Jaipur,1.0,3.0
426,Jaipur,3.0,4.0
427,Jaipur,5.0,4.0
428,"Jaipur, Jodhpur, Udaipur",,
429,Dharamshala,1.0,5.0
430,Dharamshala,2.0,4.5
431,Dharamshala,4.0,3.0
432,Nainital,,
433,Manali,,
434,Srinagar,,
435,Udaipur,,
436,"Jaipur, Jodhpur, Udaipur",,
437,Srinagar,,
438,Jaipur,1.0,3.0
439,Jaipur,3.0,4.0
440,Jaipur,5.0,4.0
441,Jaipur,1.0,3.0
442,Jaipur,3.0,4.0
443,Jaipur,5.0,4.0
444,Nainital,,
445,Manali,,
446,Goa,1.0,4.0
447,Goa,2.0,5.0
448,Goa,3.0,2.5
449,Goa,4.0,4.5
450,Goa,1.0,4.0
451,Goa,2.0,5.0
452,Goa,3.0,2.5
453,Goa,4.0,4.5
454,Goa,1.0,4.0
455,Goa,2.0,5.0
456,Goa,3.0,2.5
457,Goa,4.0,4.5
458,Udaipur,,
459,Jaipur,1.0,3.0
460,Jaipur,3.0,4.0
461,Jaipur,5.0,4.0
462,Jaipur,1.0,3.0
463,Jaipur,3.0,4.0
464,Jaipur,5.0,4.0
465,Udaipur,,
466,Jaipur,1.0,3.0
467,Jaipur,3.0,4.0
468,Jaipur,5.0,4.0
469,Srinagar,,
470,Srinagar,,
471,Goa,1.0,4.0
472,Goa,2.0,5.0
473,Goa,3.0,2.5
474,Goa,4.0,4.5
475,Srinagar,,
476,Goa,1.0,4.0
477,Goa,2.0,5.0
478,Goa,3.0,2.5
479,Goa,4.0,4.5
480,Jaipur,1.0,3.0
481,Jaipur,3.0,4.0
482,Jaipur,5.0,4.0
483,Udaipur,,
484,Dharamshala,1.0,5.0
485,Dharamshala,2.0,4.5
486,Dharamshala,4.0,3.0
487,Shimla,,
488,Udaipur,,
489,Jaipur,1.0,3.0
490,Jaipur,3.0,4.0
491,Jaipur,5.0,4.0
492,Udaipur,,
493,Srinagar,,
494,Goa,1.0,4.0
495,Goa,2.0,5.0
496,Goa,3.0,2.5
497,Goa,4.0,4.5
498,Manali,,
499,Manali,,
500,Goa,1.0,4.0
501,Goa,2.0,5.0
502,Goa,3.0,2.5
503,Goa,4.0,4.5
504,Srinagar,,
505,Udaipur,,
506,Dharamshala,1.0,5.0
507,Dharamshala,2.0,4.5
508,Dharamshala,4.0,3.0
509,Goa,1.0,4.0
510,Goa,2.0,5.0
511,Goa,3.0,2.5
512,Goa,4.0,4.5
513,Manali,,
514,Goa,1.0,4.0
515,Goa,2.0,5.0
516,Goa,3.0,2.5
517,Goa,4.0,4.5
518,Jaipur,1.0,3.0
519,Jaipur,3.0,4.0
520,Jaipur,5.0,4.0
521,Udaipur,,
522,Nainital,,
523,Goa,1.0,4.0
524,Goa,2.0,5.0
525,Goa,3.0,2.5
526,Goa,4.0,4.5
527,Goa,1.0,4.0
528,Goa,2.0,5.0
529,Goa,3.0,2.5
530,Goa,4.0,4.5
531,Udaipur,,
532,Goa,1.0,4.0
533,Goa,2.0,5.0
534,Goa,3.0,2.5
535,Goa,4.0,4.5
536,Jaipur,1.0,3.0
537,Jaipur,3.0,4.0
538,Jaipur,5.0,4.0
539,Srinagar,,
540,Shimla,,
541,Goa,1.0,4.0
542,Goa,2.0,5.0
543,Goa,3.0,2.5
544,Goa,4.0,4.5
545,Dharamshala,1.0,5.0
546,Dharamshala,2.0,4.5
547,Dharamshala,4.0,3.0
548,Udaipur,,
549,Udaipur,,
550,Goa,1.0,4.0
551,Goa,2.0,5.0
552,Goa,3.0,2.5
553,Goa,4.0,4.5
554,Goa,1.0,4.0
555,Goa,2.0,5.0
556,Goa,3.0,2.5
557,Goa,4.0,4.5
558,Shimla,,
559,Manali,,
560,Udaipur,,
561,Udaipur,,
562,Goa,1.0,4.0
563,Goa,2.0,5.0
564,Goa,3.0,2.5
565,Goa,4.0,4.5
566,"Jaipur, Jodhpur, Udaipur",,
567,Srinagar,,
568,Jaipur,1.0,3.0
569,Jaipur,3.0,4.0
570,Jaipur,5.0,4.0
571,Goa,1.0,4.0
572,Goa,2.0,5.0
573,Goa,3.0,2.5
574,Goa,4.0,4.5
575,Goa,1.0,4.0
576,Goa,2.0,5.0
577,Goa,3.0,2.5
578,Goa,4.0,4.5
579,Nainital,,
580,Dharamshala,1.0,5.0
581,Dharamshala,2.0,4.5
582,Dharamshala,4.0,3.0
583,Goa,1.0,4.0
584,Goa,2.0,5.0
585,Goa,3.0,2.5
586,Goa,4.0,4.5
587,Dharamshala,1.0,5.0
588,Dharamshala,2.0,4.5
589,Dharamshala,4.0,3.0
590,Goa,1.0,4.0
591,Goa,2.0,5.0
592,Goa,3.0,2.5
593,Goa,4.0,4.5
594,Goa,1.0,4.0
595,Goa,2.0,5.0
596,Goa,3.0,2.5
597,Goa,4.0,4.5
598,Dharamshala,1.0,5.0
599,Dharamshala,2.0,4.5
600,Dharamshala,4.0,3.0
601,Jaipur,1.0,3.0
602,Jaipur,3.0,4.0
603,Jaipur,5.0,4.0
604,Jaipur,1.0,3.0
605,Jaipur,3.0,4.0
606,Jaipur,5.0,4.0
607,Goa,1.0,4.0
608,Goa,2.0,5.0
609,Goa,3.0,2.5
610,Goa,4.0,4.5
611,Srinagar,,
612,Goa,1.0,4.0
613,Goa,2.0,5.0
614,Goa,3.0,2.5
615,Goa,4.0,4.5
616,Goa,1.0,4.0
617,Goa,2.0,5.0
618,Goa,3.0,2.5
619,Goa,4.0,4.5
620,Srinagar,,
621,Goa,1.0,4.0
622,Goa,2.0,5.0
623,Goa,3.0,2.5
624,Goa,4.0,4.5
625,Goa,1.0,4.0
626,Goa,2.0,5.0
627,Goa,3.0,2.5
628,Goa,4.0,4.5
629,Shimla,,
630,"Jaipur, Jodhpur, Udaipur",,
631,Jaipur,1.0,3.0
632,Jaipur,3.0,4.0
633,Jaipur,5.0,4.0
634,Srinagar,,
635,Jaipur,1.0,3.0
636,Jaipur,3.0,4.0
637,Jaipur,5.0,4.0
638,Goa,1.0,4.0
639,Goa,2.0,5.0
640,Goa,3.0,2.5
641,Goa,4.0,4.5
642,Goa,1.0,4.0
643,Goa,2.0,5.0
644,Goa,3.0,2.5
645,Goa,4.0,4.5
646,Shimla,,
647,Goa,1.0,4.0
648,Goa,2.0,5.0
649,Goa,3.0,2.5
650,Goa,4.0,4.5
651,Goa,1.0,4.0
652,Goa,2.0,5.0
653,Goa,3.0,2.5
654,Goa,4.0,4.5
655,Goa,1.0,4.0
656,Goa,2.0,5.0
657,Goa,3.0,2.5
658,Goa,4.0,4.5
659,Srinagar,,
660,Goa,1.0,4.0
661,Goa,2.0,5.0
662,Goa,3.0,2.5
663,Goa,4.0,4.5
664,Srinagar,,
665,Manali,,
666,Goa,1.0,4.0
667,Goa,2.0,5.0
668,Goa,3.0,2.5
669,Goa,4.0,4.5
670,Jaipur,1.0,3.0
671,Jaipur,3.0,4.0
672,Jaipur,5.0,4.0
673,Udaipur,,
674,Goa,1.0,4.0
675,Goa,2.0,5.0
676,Goa,3.0,2.5
677,Goa,4.0,4.5
678,"Jaipur, Jodhpur, Udaipur",,
679,Goa,1.0,4.0
680,Goa,2.0,5.0
681,Goa,3.0,2.5
682,Goa,4.0,4.5
683,Dharamshala,1.0,5.0
684,Dharamshala,2.0,4.5
685,Dharamshala,4.0,3.0
686,Jaipur,1.0,3.0
687,Jaipur,3.0,4.0
688,Jaipur,5.0,4.0
689,Goa,1.0,4.0
690,Goa,2.0,5.0
691,Goa,3.0,2.5
692,Goa,4.0,4.5
693,Srinagar,,
694,Srinagar,,
695,"Jaipur, Jodhpur, Udaipur",,
696,Dharamshala,1.0,5.0
697,Dharamshala,2.0,4.5
698,Dharamshala,4.0,3.0
699,Jaipur,1.0,3.0
700,Jaipur,3.0,4.0
701,Jaipur,5.0,4.0
702,Nainital,,
703,Jaipur,1.0,3.0
704,Jaipur,3.0,4.0
705,Jaipur,5.0,4.0
706,Nainital,,
707,Goa,1.0,4.0
708,Goa,2.0,5.0
709,Goa,3.0,2.5
710,Goa,4.0,4.5
711,Goa,1.0,4.0
712,Goa,2.0,5.0
713,Goa,3.0,2.5
714,Goa,4.0,4.5
715,Nainital,,
716,Goa,1.0,4.0
717,Goa,2.0,5.0
718,Goa,3.0,2.5
719,Goa,4.0,4.5
720,Nainital,,
721,Srinagar,,
722,Goa,1.0,4.0
723,Goa,2.0,5.0
724,Goa,3.0,2.5
725,Goa,4.0,4.5
726,Jaipur,1.0,3.0
727,Jaipur,3.0,4.0
728,Jaipur,5.0,4.0
729,Jaipur,1.0,3.0
730,Jaipur,3.0,4.0
731,Jaipur,5.0,4.0
732,Srinagar,,
733,Shimla,,
734,"Jaipur, Jodhpur, Udaipur",,
735,Goa,1.0,4.0
736,Goa,2.0,5.0
737,Goa,3.0,2.5
738,Goa,4.0,4.5
739,Nainital,,
740,Udaipur,,
741,Shimla,,
742,Goa,1.0,4.0
743,Goa,2.0,5.0
744,Goa,3.0,2.5
745,Goa,4.0,4.5
746,Goa,1.0,4.0
747,Goa,2.0,5.0
748,Goa,3.0,2.5
749,Goa,4.0,4.5
750,Goa,1.0,4.0
751,Goa,2.0,5.0
752,Goa,3.0,2.5
753,Goa,4.0,4.5
754,Goa,1.0,4.0
755,Goa,2.0,5.0
756,Goa,3.0,2.5
757,Goa,4.0,4.5
758,"Jaipur, Jodhpur, Udaipur",,
759,Chennai,,
760,Goa,1.0,4.0
761,Goa,2.0,5.0
762,Goa,3.0,2.5
763,Goa,4.0,4.5
764,Jaipur,1.0,3.0
765,Jaipur,3.0,4.0
766,Jaipur,5.0,4.0
767,Manali,,
768,Udaipur,,
769,Goa,1.0,4.0
770,Goa,2.0,5.0
771,Goa,3.0,2.5
772,Goa,4.0,4.5
773,Bangalore,,
774,Udaipur,,
775,Dharamshala,1.0,5.0
776,Dharamshala,2.0,4.5
777,Dharamshala,4.0,3.0
778,Jaipur,1.0,3.0
779,Jaipur,3.0,4.0
780,Jaipur,5.0,4.0
781,Goa,1.0,4.0
782,Goa,2.0,5.0
783,Goa,3.0,2.5
784,Goa,4.0,4.5
785,Goa,1.0,4.0
786,Goa,2.0,5.0
787,Goa,3.0,2.5
788,Goa,4.0,4.5
789,Udaipur,,
790,Goa,1.0,4.0
791,Goa,2.0,5.0
792,Goa,3.0,2.5
793,Goa,4.0,4.5
794,Goa,1.0,4.0
795,Goa,2.0,5.0
796,Goa,3.0,2.5
797,Goa,4.0,4.5
798,Udaipur,,
799,Udaipur,,
800,"Jaipur, Jodhpur, Udaipur",,
801,Goa,1.0,4.0
802,Goa,2.0,5.0
803,Goa,3.0,2.5
804,Goa,4.0,4.5
805,Udaipur,,
806,Shimla,,
807,Goa,1.0,4.0
808,Goa,2.0,5.0
809,Goa,3.0,2.5
810,Goa,4.0,4.5
811,Chennai,,
812,"Jaipur, Jodhpur, Udaipur",,
813,Srinagar,,
814,Srinagar,,
815,"Jaipur, Jodhpur, Udaipur",,
816,Goa,1.0,4.0
817,Goa,2.0,5.0
818,Goa,3.0,2.5
819,Goa,4.0,4.5
820,Udaipur,,
821,"Jaipur, Jodhpur, Udaipur",,
822,Goa,1.0,4.0
823,Goa,2.0,5.0
824,Goa,3.0,2.5
825,Goa,4.0,4.5
826,Udaipur,,
827,Jaipur,1.0,3.0
828,Jaipur,3.0,4.0
829,Jaipur,5.0,4.0
830,Dharamshala,1.0,5.0
831,Dharamshala,2.0,4.5
832,Dharamshala,4.0,3.0
833,Shimla,,
834,Shimla,,
835,Bangalore,,
836,"Jaipur, Jodhpur, Udaipur",,
837,Goa,1.0,4.0
838,Goa,2.0,5.0
839,Goa,3.0,2.5
840,Goa,4.0,4.5
841,Goa,1.0,4.0
842,Goa,2.0,5.0
843,Goa,3.0,2.5
844,Goa,4.0,4.5
845,Goa,1.0,4.0
846,Goa,2.0,5.0
847,Goa,3.0,2.5
848,Goa,4.0,4.5
849,Goa,1.0,4.0
850,Goa,2.0,5.0
851,Goa,3.0,2.5
852,Goa,4.0,4.5
853,Goa,1.0,4.0
854,Goa,2.0,5.0
855,Goa,3.0,2.5
856,Goa,4.0,4.5
857,Udaipur,,
858,Udaipur,,
859,Goa,1.0,4.0
860,Goa,2.0,5.0
861,Goa,3.0,2.5
862,Goa,4.0,4.5
863,Nainital,,
864,Jaipur,1.0,3.0
865,Jaipur,3.0,4.0
866,Jaipur,5.0,4.0
867,Goa,1.0,4.0
868,Goa,2.0,5.0
869,Goa,3.0,2.5
870,Goa,4.0,4.5
871,Goa,1.0,4.0
872,Goa,2.0,5.0
873,Goa,3.0,2.5
874,Goa,4.0,4.5
875,Goa,1.0,4.0
876,Goa,2.0,5.0
877,Goa,3.0,2.5
878,Goa,4.0,4.5
879,Goa,1.0,4.0
880,Goa,2.0,5.0
881,Goa,3.0,2.5
882,Goa,4.0,4.5
883,Goa,1.0,4.0
884,Goa,2.0,5.0
885,Goa,3.0,2.5
886,Goa,4.0,4.5
887,Srinagar,,
888,Goa,1.0,4.0
889,Goa,2.0,5.0
890,Goa,3.0,2.5
891,Goa,4.0,4.5
892,"Jaipur, Jodhpur, Udaipur",,
893,Goa,1.0,4.0
894,Goa,2.0,5.0
895,Goa,3.0,2.5
896,Goa,4.0,4.5
897,Dharamshala,1.0,5.0
898,Dharamshala,2.0,4.5
899,Dharamshala,4.0,3.0
900,Udaipur,,
901,Udaipur,,
902,Goa,1.0,4.0
903,Goa,2.0,5.0
904,Goa,3.0,2.5
905,Goa,4.0,4.5
906,Nainital,,
907,Srinagar,,
908,Goa,1.0,4.0
909,Goa,2.0,5.0
910,Goa,3.0,2.5
911,Goa,4.0,4.5
912,Goa,1.0,4.0
913,Goa,2.0,5.0
914,Goa,3.0,2.5
915,Goa,4.0,4.5
916,Jodhpur,,
917,Goa,1.0,4.0
918,Goa,2.0,5.0
919,Goa,3.0,2.5
920,Goa,4.0,4.5
921,Dharamshala,1.0,5.0
922,Dharamshala,2.0,4.5
923,Dharamshala,4.0,3.0
924,Goa,1.0,4.0
925,Goa,2.0,5.0
926,Goa,3.0,2.5
927,Goa,4.0,4.5
928,Srinagar,,
929,Goa,1.0,4.0
930,Goa,2.0,5.0
931,Goa,3.0,2.5
932,Goa,4.0,4.5
933,Nainital,,
934,Goa,1.0,4.0
935,Goa,2.0,5.0
936,Goa,3.0,2.5
937,Goa,4.0,4.5
938,Goa,1.0,4.0
939,Goa,2.0,5.0
940,Goa,3.0,2.5
941,Goa,4.0,4.5
942,"Jaipur, Jodhpur, Udaipur",,
943,Udaipur,,
944,Manali,,
945,"Jaipur, Jodhpur, Udaipur",,
946,Udaipur,,
947,Goa,1.0,4.0
948,Goa,2.0,5.0
949,Goa,3.0,2.5
950,Goa,4.0,4.5
951,Goa,1.0,4.0
952,Goa,2.0,5.0
953,Goa,3.0,2.5
954,Goa,4.0,4.5
955,Goa,1.0,4.0
956,Goa,2.0,5.0
957,Goa,3.0,2.5
958,Goa,4.0,4.5
959,Goa,1.0,4.0
960,Goa,2.0,5.0
961,Goa,3.0,2.5
962,Goa,4.0,4.5
963,Jaipur,1.0,3.0
964,Jaipur,3.0,4.0
965,Jaipur,5.0,4.0
966,Udaipur,,
967,Shimla,,
968,Goa,1.0,4.0
969,Goa,2.0,5.0
970,Goa,3.0,2.5
971,Goa,4.0,4.5
972,Goa,1.0,4.0
973,Goa,2.0,5.0
974,Goa,3.0,2.5
975,Goa,4.0,4.5
976,Goa,1.0,4.0
977,Goa,2.0,5.0
978,Goa,3.0,2.5
979,Goa,4.0,4.5
980,Goa,1.0,4.0
981,Goa,2.0,5.0
982,Goa,3.0,2.5
983,Goa,4.0,4.5
984,Dharamshala,1.0,5.0
985,Dharamshala,2.0,4.5
986,Dharamshala,4.0,3.0
987,Goa,1.0,4.0
988,Goa,2.0,5.0
989,Goa,3.0,2.5
990,Goa,4.0,4.5
991,Udaipur,,
992,Goa,1.0,4.0
993,Goa,2.0,5.0
994,Goa,3.0,2.5
995,Goa,4.0,4.5
996,Goa,1.0,4.0
997,Goa,2.0,5.0
998,Goa,3.0,2.5
999,Goa,4.0,4.5
1000,Goa,1.0,4.0
1001,Goa,2.0,5.0
1002,Goa,3.0,2.5
1003,Goa,4.0,4.5
1004,Goa,1.0,4.0
1005,Goa,2.0,5.0
1006,Goa,3.0,2.5
1007,Goa,4.0,4.5
1008,Shimla,,
1009,Jaipur,1.0,3.0
1010,Jaipur,3.0,4.0
1011,Jaipur,5.0,4.0
1012,Jaipur,1.0,3.0
1013,Jaipur,3.0,4.0
1014,Jaipur,5.0,4.0
1015,Srinagar,,
1016,Goa,1.0,4.0
1017,Goa,2.0,5.0
1018,Goa,3.0,2.5
1019,Goa,4.0,4.5
1020,Goa,1.0,4.0
1021,Goa,2.0,5.0
1022,Goa,3.0,2.5
1023,Goa,4.0,4.5
1024,Dharamshala,1.0,5.0
1025,Dharamshala,2.0,4.5
1026,Dharamshala,4.0,3.0
1027,Shimla,,
1028,Goa,1.0,4.0
1029,Goa,2.0,5.0
1030,Goa,3.0,2.5
1031,Goa,4.0,4.5
1032,Manali,,
1033,Goa,1.0,4.0
1034,Goa,2.0,5.0
1035,Goa,3.0,2.5
1036,Goa,4.0,4.5
1037,Chennai,,
1038,Goa,1.0,4.0
1039,Goa,2.0,5.0
1040,Goa,3.0,2.5
1041,Goa,4.0,4.5
1042,Bangalore,,
1043,Dharamshala,1.0,5.0
1044,Dharamshala,2.0,4.5
1045,Dharamshala,4.0,3.0
1046,"Jaipur, Jodhpur, Udaipur",,
1047,Goa,1.0,4.0
1048,Goa,2.0,5.0
1049,Goa,3.0,2.5
1050,Goa,4.0,4.5
1051,Srinagar,,
1052,Goa,1.0,4.0
1053,Goa,2.0,5.0
1054,Goa,3.0,2.5
1055,Goa,4.0,4.5
1056,Shimla,,
1057,Udaipur,,
1058,"Jaipur, Jodhpur, Udaipur",,
1059,Udaipur,,
1060,Jaipur,1.0,3.0
1061,Jaipur,3.0,4.0
1062,Jaipur,5.0,4.0
1063,Goa,1.0,4.0
1064,Goa,2.0,5.0
1065,Goa,3.0,2.5
1066,Goa,4.0,4.5
1067,Goa,1.0,4.0
1068,Goa,2.0,5.0
1069,Goa,3.0,2.5
1070,Goa,4.0,4.5
1071,Goa,1.0,4.0
1072,Goa,2.0,5.0
1073,Goa,3.0,2.5
1074,Goa,4.0,4.5
1075,Goa,1.0,4.0
1076,Goa,2.0,5.0
1077,Goa,3.0,2.5
1078,Goa,4.0,4.5
1079,Jaipur,1.0,3.0
1080,Jaipur,3.0,4.0
1081,Jaipur,5.0,4.0
1082,Goa,1.0,4.0
1083,Goa,2.0,5.0
1084,Goa,3.0,2.5
1085,Goa,4.0,4.5
1086,Manali,,
1087,Manali,,
1088,Goa,1.0,4.0
1089,Goa,2.0,5.0
1090,Goa,3.0,2.5
1091,Goa,4.0,4.5
1092,Goa,1.0,4.0
1093,Goa,2.0,5.0
1094,Goa,3.0,2.5
1095,Goa,4.0,4.5
1096,Goa,1.0,4.0
1097,Goa,2.0,5.0
1098,Goa,3.0,2.5
1099,Goa,4.0,4.5
1100,Jaipur,1.0,3.0
1101,Jaipur,3.0,4.0
1102,Jaipur,5.0,4.0
1103,Udaipur,,
1104,Srinagar,,
1105,Nainital,,
1106,Goa,1.0,4.0
1107,Goa,2.0,5.0
1108,Goa,3.0,2.5
1109,Goa,4.0,4.5
1110,Chennai,,
1111,Goa,1.0,4.0
1112,Goa,2.0,5.0
1113,Goa,3.0,2.5
1114,Goa,4.0,4.5
1115,Dharamshala,1.0,5.0
1116,Dharamshala,2.0,4.5
1117,Dharamshala,4.0,3.0
1118,Dharamshala,1.0,5.0
1119,Dharamshala,2.0,4.5
1120,Dharamshala,4.0,3.0
1121,Goa,1.0,4.0
1122,Goa,2.0,5.0
1123,Goa,3.0,2.5
1124,Goa,4.0,4.5
1125,"Jaipur, Jodhpur, Udaipur",,
1126,Goa,1.0,4.0
1127,Goa,2.0,5.0
1128,Goa,3.0,2.5
1129,Goa,4.0,4.5
1130,Shimla,,
1131,Goa,1.0,4.0
1132,Goa,2.0,5.0
1133,Goa,3.0,2.5
1134,Goa,4.0,4.5
1135,Shimla,,
1136,Goa,1.0,4.0
1137,Goa,2.0,5.0
1138,Goa,3.0,2.5
1139,Goa,4.0,4.5
1140,Goa,1.0,4.0
1141,Goa,2.0,5.0
1142,Goa,3.0,2.5
1143,Goa,4.0,4.5
1144,Goa,1.0,4.0
1145,Goa,2.0,5.0
1146,Goa,3.0,2.5
1147,Goa,4.0,4.5
1148,Srinagar,,
1149,Goa,1.0,4.0
1150,Goa,2.0,5.0
1151,Goa,3.0,2.5
1152,Goa,4.0,4.5
1153,Udaipur,,
1154,Udaipur,,
1155,Goa,1.0,4.0
1156,Goa,2.0,5.0
1157,Goa,3.0,2.5
1158,Goa,4.0,4.5
1159,Goa,1.0,4.0
1160,Goa,2.0,5.0
1161,Goa,3.0,2.5
1162,Goa,4.0,4.5
1163,Shimla,,
1164,Goa,1.0,4.0
1165,Goa,2.0,5.0
1166,Goa,3.0,2.5
1167,Goa,4.0,4.5
1168,Goa,1.0,4.0
1169,Goa,2.0,5.0
1170,Goa,3.0,2.5
1171,Goa,4.0,4.5
1172,Shimla,,
1173,Shimla,,
1174,Jaipur,1.0,3.0
1175,Jaipur,3.0,4.0
1176,Jaipur,5.0,4.0
1177,Goa,1.0,4.0
1178,Goa,2.0,5.0
1179,Goa,3.0,2.5
1180,Goa,4.0,4.5
1181,Goa,1.0,4.0
1182,Goa,2.0,5.0
1183,Goa,3.0,2.5
1184,Goa,4.0,4.5
1185,Goa,1.0,4.0
1186,Goa,2.0,5.0
1187,Goa,3.0,2.5
1188,Goa,4.0,4.5
1189,Jaipur,1.0,3.0
1190,Jaipur,3.0,4.0
1191,Jaipur,5.0,4.0
1192,Goa,1.0,4.0
1193,Goa,2.0,5.0
1194,Goa,3.0,2.5
1195,Goa,4.0,4.5
1196,Srinagar,,
1197,Udaipur,,
1198,Goa,1.0,4.0
1199,Goa,2.0,5.0
1200,Goa,3.0,2.5
1201,Goa,4.0,4.5
1202,Goa,1.0,4.0
1203,Goa,2.0,5.0
1204,Goa,3.0,2.5
1205,Goa,4.0,4.5
1206,Nainital,,
1207,Goa,1.0,4.0
1208,Goa,2.0,5.0
1209,Goa,3.0,2.5
1210,Goa,4.0,4.5
1211,Shimla,,
1212,Jaipur,1.0,3.0
1213,Jaipur,3.0,4.0
1214,Jaipur,5.0,4.0
1215,Goa,1.0,4.0
1216,Goa,2.0,5.0
1217,Goa,3.0,2.5
1218,Goa,4.0,4.5
1219,Nainital,,
1220,Manali,,
1221,Srinagar,,
1222,Goa,1.0,4.0
1223,Goa,2.0,5.0
1224,Goa,3.0,2.5
1225,Goa,4.0,4.5
1226,Nainital,,
1227,Shimla,,
1228,Goa,1.0,4.0
1229,Goa,2.0,5.0
1230,Goa,3.0,2.5
1231,Goa,4.0,4.5
1232,Shimla,,
1233,Jaipur,1.0,3.0
1234,Jaipur,3.0,4.0
1235,Jaipur,5.0,4.0
1236,Goa,1.0,4.0
1237,Goa,2.0,5.0
1238,Goa,3.0,2.5
1239,Goa,4.0,4.5
1240,Goa,1.0,4.0
1241,Goa,2.0,5.0
1242,Goa,3.0,2.5
1243,Goa,4.0,4.5
1244,Goa,1.0,4.0
1245,Goa,2.0,5.0
1246,Goa,3.0,2.5
1247,Goa,4.0,4.5
1248,Jaipur,1.0,3.0
1249,Jaipur,3.0,4.0
1250,Jaipur,5.0,4.0
1251,Goa,1.0,4.0
1252,Goa,2.0,5.0
1253,Goa,3.0,2.5
1254,Goa,4.0,4.5
1255,Goa,1.0,4.0
1256,Goa,2.0,5.0
1257,Goa,3.0,2.5
1258,Goa,4.0,4.5
1259,Dharamshala,1.0,5.0
1260,Dharamshala,2.0,4.5
1261,Dharamshala,4.0,3.0
1262,Goa,1.0,4.0
1263,Goa,2.0,5.0
1264,Goa,3.0,2.5
1265,Goa,4.0,4.5
1266,Manali,,
1267,Goa,1.0,4.0
1268,Goa,2.0,5.0
1269,Goa,3.0,2.5
1270,Goa,4.0,4.5
1271,Goa,1.0,4.0
1272,Goa,2.0,5.0
1273,Goa,3.0,2.5
1274,Goa,4.0,4.5
1275,Srinagar,,
1276,"Jaipur, Jodhpur, Udaipur",,
1277,"Jaipur, Jodhpur, Udaipur",,
1278,Jaipur,1.0,3.0
1279,Jaipur,3.0,4.0
1280,Jaipur,5.0,4.0
1281,Udaipur,,
1282,Goa,1.0,4.0
1283,Goa,2.0,5.0
1284,Goa,3.0,2.5
1285,Goa,4.0,4.5
1286,Dharamshala,1.0,5.0
1287,Dharamshala,2.0,4.5
1288,Dharamshala,4.0,3.0
1289,Manali,,
1290,Goa,1.0,4.0
1291,Goa,2.0,5.0
1292,Goa,3.0,2.5
1293,Goa,4.0,4.5
1294,Shimla,,
1295,Srinagar,,
1296,Goa,1.0,4.0
1297,Goa,2.0,5.0
1298,Goa,3.0,2.5
1299,Goa,4.0,4.5
1300,Nainital,,
1301,Jaipur,1.0,3.0
1302,Jaipur,3.0,4.0
1303,Jaipur,5.0,4.0
1304,Dharamshala,1.0,5.0
1305,Dharamshala,2.0,4.5
1306,Dharamshala,4.0,3.0
1307,Goa,1.0,4.0
1308,Goa,2.0,5.0
1309,Goa,3.0,2.5
1310,Goa,4.0,4.5
1311,Dharamshala,1.0,5.0
1312,Dharamshala,2.0,4.5
1313,Dharamshala,4.0,3.0
1314,Udaipur,,
1315,Goa,1.0,4.0
1316,Goa,2.0,5.0
1317,Goa,3.0,2.5
1318,Goa,4.0,4.5
1319,Jaipur,1.0,3.0
1320,Jaipur,3.0,4.0
1321,Jaipur,5.0,4.0
1322,Goa,1.0,4.0
1323,Goa,2.0,5.0
1324,Goa,3.0,2.5
1325,Goa,4.0,4.5
1326,Udaipur,,
1327,Srinagar,,
1328,Goa,1.0,4.0
1329,Goa,2.0,5.0
1330,Goa,3.0,2.5
1331,Goa,4.0,4.5
1332,Shimla,,
1333,Goa,1.0,4.0
1334,Goa,2.0,5.0
1335,Goa,3.0,2.5
1336,Goa,4.0,4.5
1337,Goa,1.0,4.0
1338,Goa,2.0,5.0
1339,Goa,3.0,2.5
1340,Goa,4.0,4.5
1341,Srinagar,,
1342,Goa,1.0,4.0
1343,Goa,2.0,5.0
1344,Goa,3.0,2.5
1345,Goa,4.0,4.5
1346,Goa,1.0,4.0
1347,Goa,2.0,5.0
1348,Goa,3.0,2.5
1349,Goa,4.0,4.5
1350,Goa,1.0,4.0
1351,Goa,2.0,5.0
1352,Goa,3.0,2.5
1353,Goa,4.0,4.5
1354,Goa,1.0,4.0
1355,Goa,2.0,5.0
1356,Goa,3.0,2.5
1357,Goa,4.0,4.5
1358,Jaipur,1.0,3.0
1359,Jaipur,3.0,4.0
1360,Jaipur,5.0,4.0
1361,Manali,,
1362,Jaipur,1.0,3.0
1363,Jaipur,3.0,4.0
1364,Jaipur,5.0,4.0
1365,Goa,1.0,4.0
1366,Goa,2.0,5.0
1367,Goa,3.0,2.5
1368,Goa,4.0,4.5
1369,Goa,1.0,4.0
1370,Goa,2.0,5.0
1371,Goa,3.0,2.5
1372,Goa,4.0,4.5
1373,Srinagar,,
1374,Srinagar,,
1375,"Jaipur, Jodhpur, Udaipur",,
1376,Dharamshala,1.0,5.0
1377,Dharamshala,2.0,4.5
1378,Dharamshala,4.0,3.0
1379,Srinagar,,
1380,Jaipur,1.0,3.0
1381,Jaipur,3.0,4.0
1382,Jaipur,5.0,4.0
1383,Goa,1.0,4.0
1384,Goa,2.0,5.0
1385,Goa,3.0,2.5
1386,Goa,4.0,4.5
1387,Srinagar,,
1388,Udaipur,,
1389,Goa,1.0,4.0
1390,Goa,2.0,5.0
1391,Goa,3.0,2.5
1392,Goa,4.0,4.5
1393,Goa,1.0,4.0
1394,Goa,2.0,5.0
1395,Goa,3.0,2.5
1396,Goa,4.0,4.5
1397,Jaipur,1.0,3.0
1398,Jaipur,3.0,4.0
1399,Jaipur,5.0,4.0
1400,Goa,1.0,4.0
1401,Goa,2.0,5.0
1402,Goa,3.0,2.5
1403,Goa,4.0,4.5
1404,Manali,,
1405,Jaipur,1.0,3.0
1406,Jaipur,3.0,4.0
1407,Jaipur,5.0,4.0
1408,Udaipur,,
1409,Goa,1.0,4.0
1410,Goa,2.0,5.0
1411,Goa,3.0,2.5
1412,Goa,4.0,4.5
1413,Jaipur,1.0,3.0
1414,Jaipur,3.0,4.0
1415,Jaipur,5.0,4.0
1416,Goa,1.0,4.0
1417,Goa,2.0,5.0
1418,Goa,3.0,2.5
1419,Goa,4.0,4.5
1420,Goa,1.0,4.0
1421,Goa,2.0,5.0
1422,Goa,3.0,2.5
1423,Goa,4.0,4.5
1424,Jaipur,1.0,3.0
1425,Jaipur,3.0,4.0
1426,Jaipur,5.0,4.0
1427,Jaipur,1.0,3.0
1428,Jaipur,3.0,4.0
1429,Jaipur,5.0,4.0
1430,Jaipur,1.0,3.0
1431,Jaipur,3.0,4.0
1432,Jaipur,5.0,4.0
1433,Goa,1.0,4.0
1434,Goa,2.0,5.0
1435,Goa,3.0,2.5
1436,Goa,4.0,4.5
1437,Jaipur,1.0,3.0
1438,Jaipur,3.0,4.0
1439,Jaipur,5.0,4.0
1440,Goa,1.0,4.0
1441,Goa,2.0,5.0
1442,Goa,3.0,2.5
1443,Goa,4.0,4.5
1444,Jaipur,1.0,3.0
1445,Jaipur,3.0,4.0
1446,Jaipur,5.0,4.0
1447,Jaipur,1.0,3.0
1448,Jaipur,3.0,4.0
1449,Jaipur,5.0,4.0
1450,Goa,1.0,4.0
1451,Goa,2.0,5.0
1452,Goa,3.0,2.5
1453,Goa,4.0,4.5
1454,Jaipur,1.0,3.0
1455,Jaipur,3.0,4.0
1456,Jaipur,5.0,4.0
1457,Jaipur,1.0,3.0
1458,Jaipur,3.0,4.0
1459,Jaipur,5.0,4.0
1460,Goa,1.0,4.0
1461,Goa,2.0,5.0
1462,Goa,3.0,2.5
1463,Goa,4.0,4.5
1464,Shimla,,
1465,Srinagar,,
1466,Goa,1.0,4.0
1467,Goa,2.0,5.0
1468,Goa,3.0,2.5
1469,Goa,4.0,4.5
1470,Goa,1.0,4.0
1471,Goa,2.0,5.0
1472,Goa,3.0,2.5
1473,Goa,4.0,4.5
1474,Goa,1.0,4.0
1475,Goa,2.0,5.0
1476,Goa,3.0,2.5
1477,Goa,4.0,4.5
1478,Dharamshala,1.0,5.0
1479,Dharamshala,2.0,4.5
1480,Dharamshala,4.0,3.0
1481,Udaipur,,
1482,Goa,1.0,4.0
1483,Goa,2.0,5.0
1484,Goa,3.0,2.5
1485,Goa,4.0,4.5
1486,Goa,1.0,4.0
1487,Goa,2.0,5.0
1488,Goa,3.0,2.5
1489,Goa,4.0,4.5
1490,Goa,1.0,4.0
1491,Goa,2.0,5.0
1492,Goa,3.0,2.5
1493,Goa,4.0,4.5
1494,Goa,1.0,4.0
1495,Goa,2.0,5.0
1496,Goa,3.0,2.5
1497,Goa,4.0,4.5
1498,Goa,1.0,4.0
1499,Goa,2.0,5.0
1500,Goa,3.0,2.5
1501,Goa,4.0,4.5
1502,Manali,,
1503,Goa,1.0,4.0
1504,Goa,2.0,5.0
1505,Goa,3.0,2.5
1506,Goa,4.0,4.5
1507,Srinagar,,
1508,Jaipur,1.0,3.0
1509,Jaipur,3.0,4.0
1510,Jaipur,5.0,4.0
1511,Goa,1.0,4.0
1512,Goa,2.0,5.0
1513,Goa,3.0,2.5
1514,Goa,4.0,4.5
1515,Srinagar,,
1516,Manali,,
1517,Manali,,
1518,Srinagar,,
1519,Dharamshala,1.0,5.0
1520,Dharamshala,2.0,4.5
1521,Dharamshala,4.0,3.0
1522,Udaipur,,
1523,Jaipur,1.0,3.0
1524,Jaipur,3.0,4.0
1525,Jaipur,5.0,4.0
1526,Goa,1.0,4.0
1527,Goa,2.0,5.0
1528,Goa,3.0,2.5
1529,Goa,4.0,4.5
1530,Shimla,,
1531,Goa,1.0,4.0
1532,Goa,2.0,5.0
1533,Goa,3.0,2.5
1534,Goa,4.0,4.5
1535,Goa,1.0,4.0
1536,Goa,2.0,5.0
1537,Goa,3.0,2.5
1538,Goa,4.0,4.5
1539,Jaipur,1.0,3.0
1540,Jaipur,3.0,4.0
1541,Jaipur,5.0,4.0
1542,"Jaipur, Jodhpur, Udaipur",,
1543,Goa,1.0,4.0
1544,Goa,2.0,5.0
1545,Goa,3.0,2.5
1546,Goa,4.0,4.5
1547,Jaipur,1.0,3.0
1548,Jaipur,3.0,4.0
1549,Jaipur,5.0,4.0
1550,Srinagar,,
1551,Jaipur,1.0,3.0
1552,Jaipur,3.0,4.0
1553,Jaipur,5.0,4.0
1554,"Jaipur, Jodhpur, Udaipur",,
1555,Srinagar,,
1556,Goa,1.0,4.0
1557,Goa,2.0,5.0
1558,Goa,3.0,2.5
1559,Goa,4.0,4.5
1560,Jaipur,1.0,3.0
1561,Jaipur,3.0,4.0
1562,Jaipur,5.0,4.0
1563,Srinagar,,
1564,Goa,1.0,4.0
1565,Goa,2.0,5.0
1566,Goa,3.0,2.5
1567,Goa,4.0,4.5
1568,Nainital,,
1569,Goa,1.0,4.0
1570,Goa,2.0,5.0
1571,Goa,3.0,2.5
1572,Goa,4.0,4.5
1573,Shimla,,
1574,Shimla,,
1575,Goa,1.0,4.0
1576,Goa,2.0,5.0
1577,Goa,3.0,2.5
1578,Goa,4.0,4.5
1579,"Jaipur, Jodhpur, Udaipur",,
1580,Srinagar,,
1581,Chennai,,
1582,Udaipur,,
1583,Goa,1.0,4.0
1584,Goa,2.0,5.0
1585,Goa,3.0,2.5
1586,Goa,4.0,4.5
1587,Goa,1.0,4.0
1588,Goa,2.0,5.0
1589,Goa,3.0,2.5
1590,Goa,4.0,4.5
1591,Goa,1.0,4.0
1592,Goa,2.0,5.0
1593,Goa,3.0,2.5
1594,Goa,4.0,4.5
1595,Goa,1.0,4.0
1596,Goa,2.0,5.0
1597,Goa,3.0,2.5
1598,Goa,4.0,4.5
1599,Jaipur,1.0,3.0
1600,Jaipur,3.0,4.0
1601,Jaipur,5.0,4.0
1602,Dharamshala,1.0,5.0
1603,Dharamshala,2.0,4.5
1604,Dharamshala,4.0,3.0
1605,Goa,1.0,4.0
1606,Goa,2.0,5.0
1607,Goa,3.0,2.5
1608,Goa,4.0,4.5
1609,Goa,1.0,4.0
1610,Goa,2.0,5.0
1611,Goa,3.0,2.5
1612,Goa,4.0,4.5
1613,Udaipur,,
1614,Goa,1.0,4.0
1615,Goa,2.0,5.0
1616,Goa,3.0,2.5
1617,Goa,4.0,4.5
1618,Goa,1.0,4.0
1619,Goa,2.0,5.0
1620,Goa,3.0,2.5
1621,Goa,4.0,4.5
1622,Udaipur,,
1623,Srinagar,,
1624,Goa,1.0,4.0
1625,Goa,2.0,5.0
1626,Goa,3.0,2.5
1627,Goa,4.0,4.5
1628,Goa,1.0,4.0
1629,Goa,2.0,5.0
1630,Goa,3.0,2.5
1631,Goa,4.0,4.5
1632,Goa,1.0,4.0
1633,Goa,2.0,5.0
1634,Goa,3.0,2.5
1635,Goa,4.0,4.5
1636,Shimla,,
1637,Goa,1.0,4.0
1638,Goa,2.0,5.0
1639,Goa,3.0,2.5
1640,Goa,4.0,4.5
1641,Udaipur,,
1642,Manali,,
1643,Srinagar,,
1644,Srinagar,,
1645,Shimla,,
1646,Udaipur,,
1647,Srinagar,,
1648,Goa,1.0,4.0
1649,Goa,2.0,5.0
1650,Goa,3.0,2.5
1651,Goa,4.0,4.5
1652,"Jaipur, Jodhpur, Udaipur",,
1653,Dharamshala,1.0,5.0
1654,Dharamshala,2.0,4.5
1655,Dharamshala,4.0,3.0
1656,Udaipur,,
1657,Manali,,
1658,Nainital,,
1659,Goa,1.0,4.0
1660,Goa,2.0,5.0
1661,Goa,3.0,2.5
1662,Goa,4.0,4.5
1663,Srinagar,,
1664,Manali,,
1665,Goa,1.0,4.0
1666,Goa,2.0,5.0
1667,Goa,3.0,2.5
1668,Goa,4.0,4.5
1669,Goa,1.0,4.0
1670,Goa,2.0,5.0
1671,Goa,3.0,2.5
1672,Goa,4.0,4.5
1673,Goa,1.0,4.0
1674,Goa,2.0,5.0
1675,Goa,3.0,2.5
1676,Goa,4.0,4.5
1677,"Jaipur, Jodhpur, Udaipur",,
1678,Shimla,,
1679,Goa,1.0,4.0
1680,Goa,2.0,5.0
1681,Goa,3.0,2.5
1682,Goa,4.0,4.5
1683,Goa,1.0,4.0
1684,Goa,2.0,5.0
1685,Goa,3.0,2.5
1686,Goa,4.0,4.5
1687,Goa,1.0,4.0
1688,Goa,2.0,5.0
1689,Goa,3.0,2.5
1690,Goa,4.0,4.5
1691,Udaipur,,
1692,Jaipur,1.0,3.0
1693,Jaipur,3.0,4.0
1694,Jaipur,5.0,4.0
1695,Goa,1.0,4.0
1696,Goa,2.0,5.0
1697,Goa,3.0,2.5
1698,Goa,4.0,4.5
1699,Shimla,,
1700,Goa,1.0,4.0
1701,Goa,2.0,5.0
1702,Goa,3.0,2.5
1703,Goa,4.0,4.5
1704,Udaipur,,
1705,Udaipur,,
1706,Udaipur,,
1707,Srinagar,,
1708,Goa,1.0,4.0
1709,Goa,2.0,5.0
1710,Goa,3.0,2.5
1711,Goa,4.0,4.5
1712,Goa,1.0,4.0
1713,Goa,2.0,5.0
1714,Goa,3.0,2.5
1715,Goa,4.0,4.5
1716,Jaipur,1.0,3.0
1717,Jaipur,3.0,4.0
1718,Jaipur,5.0,4.0
1719,Goa,1.0,4.0
1720,Goa,2.0,5.0
1721,Goa,3.0,2.5
1722,Goa,4.0,4.5
1723,Goa,1.0,4.0
1724,Goa,2.0,5.0
1725,Goa,3.0,2.5
1726,Goa,4.0,4.5
1727,Jaipur,1.0,3.0
1728,Jaipur,3.0,4.0
1729,Jaipur,5.0,4.0
1730,Shimla,,
1731,Srinagar,,
1732,Jaipur,1.0,3.0
1733,Jaipur,3.0,4.0
1734,Jaipur,5.0,4.0
1735,Jaipur,1.0,3.0
1736,Jaipur,3.0,4.0
1737,Jaipur,5.0,4.0
1738,"Jaipur, Jodhpur, Udaipur",,
1739,Goa,1.0,4.0
1740,Goa,2.0,5.0
1741,Goa,3.0,2.5
1742,Goa,4.0,4.5
1743,Goa,1.0,4.0
1744,Goa,2.0,5.0
1745,Goa,3.0,2.5
1746,Goa,4.0,4.5
1747,Udaipur,,
1748,Udaipur,,
1749,Shimla,,
1750,Srinagar,,
1751,Goa,1.0,4.0
1752,Goa,2.0,5.0
1753,Goa,3.0,2.5
1754,Goa,4.0,4.5
1755,Goa,1.0,4.0
1756,Goa,2.0,5.0
1757,Goa,3.0,2.5
1758,Goa,4.0,4.5
1759,Goa,1.0,4.0
1760,Goa,2.0,5.0
1761,Goa,3.0,2.5
1762,Goa,4.0,4.5
1763,Goa,1.0,4.0
1764,Goa,2.0,5.0
1765,Goa,3.0,2.5
1766,Goa,4.0,4.5
1767,Goa,1.0,4.0
1768,Goa,2.0,5.0
1769,Goa,3.0,2.5
1770,Goa,4.0,4.5
1771,Srinagar,,
1772,Goa,1.0,4.0
1773,Goa,2.0,5.0
1774,Goa,3.0,2.5
1775,Goa,4.0,4.5
1776,Goa,1.0,4.0
1777,Goa,2.0,5.0
1778,Goa,3.0,2.5
1779,Goa,4.0,4.5
1780,Srinagar,,
1781,Udaipur,,
1782,Dharamshala,1.0,5.0
1783,Dharamshala,2.0,4.5
1784,Dharamshala,4.0,3.0
1785,Goa,1.0,4.0
1786,Goa,2.0,5.0
1787,Goa,3.0,2.5
1788,Goa,4.0,4.5
1789,Goa,1.0,4.0
1790,Goa,2.0,5.0
1791,Goa,3.0,2.5
1792,Goa,4.0,4.5
1793,Goa,1.0,4.0
1794,Goa,2.0,5.0
1795,Goa,3.0,2.5
1796,Goa,4.0,4.5
1797,Goa,1.0,4.0
1798,Goa,2.0,5.0
1799,Goa,3.0,2.5
1800,Goa,4.0,4.5
1801,Jaipur,1.0,3.0
1802,Jaipur,3.0,4.0
1803,Jaipur,5.0,4.0
1804,Goa,1.0,4.0
1805,Goa,2.0,5.0
1806,Goa,3.0,2.5
1807,Goa,4.0,4.5
1808,Udaipur,,
1809,Shimla,,
1810,Goa,1.0,4.0
1811,Goa,2.0,5.0
1812,Goa,3.0,2.5
1813,Goa,4.0,4.5
1814,Jaipur,1.0,3.0
1815,Jaipur,3.0,4.0
1816,Jaipur,5.0,4.0
1817,Srinagar,,
1818,Goa,1.0,4.0
1819,Goa,2.0,5.0
1820,Goa,3.0,2.5
1821,Goa,4.0,4.5
1822,Udaipur,,
1823,Nainital,,
1824,Goa,1.0,4.0
1825,Goa,2.0,5.0
1826,Goa,3.0,2.5
1827,Goa,4.0,4.5
1828,Goa,1.0,4.0
1829,Goa,2.0,5.0
1830,Goa,3.0,2.5
1831,Goa,4.0,4.5
1832,Udaipur,,
1833,Goa,1.0,4.0
1834,Goa,2.0,5.0
1835,Goa,3.0,2.5
1836,Goa,4.0,4.5
1837,Goa,1.0,4.0
1838,Goa,2.0,5.0
1839,Goa,3.0,2.5
1840,Goa,4.0,4.5
1841,Srinagar,,
1842,Shimla,,
1843,Udaipur,,
1844,Goa,1.0,4.0
1845,Goa,2.0,5.0
1846,Goa,3.0,2.5
1847,Goa,4.0,4.5
1848,Srinagar,,
1849,Udaipur,,
1850,Goa,1.0,4.0
1851,Goa,2.0,5.0
1852,Goa,3.0,2.5
1853,Goa,4.0,4.5
1854,Goa,1.0,4.0
1855,Goa,2.0,5.0
1856,Goa,3.0,2.5
1857,Goa,4.0,4.5
1858,Srinagar,,
1859,Jaipur,1.0,3.0
1860,Jaipur,3.0,4.0
1861,Jaipur,5.0,4.0
1862,Goa,1.0,4.0
1863,Goa,2.0,5.0
1864,Goa,3.0,2.5
1865,Goa,4.0,4.5
1866,Shimla,,
1867,Srinagar,,
1868,Srinagar,,
1869,Goa,1.0,4.0
1870,Goa,2.0,5.0
1871,Goa,3.0,2.5
1872,Goa,4.0,4.5
1873,Goa,1.0,4.0
1874,Goa,2.0,5.0
1875,Goa,3.0,2.5
1876,Goa,4.0,4.5
1877,Nainital,,
1878,Jaipur,1.0,3.0
1879,Jaipur,3.0,4.0
1880,Jaipur,5.0,4.0
1881,Goa,1.0,4.0
1882,Goa,2.0,5.0
1883,Goa,3.0,2.5
1884,Goa,4.0,4.5
1885,Srinagar,,
1886,Udaipur,,
1887,Goa,1.0,4.0
1888,Goa,2.0,5.0
1889,Goa,3.0,2.5
1890,Goa,4.0,4.5
1891,Udaipur,,
1892,Goa,1.0,4.0
1893,Goa,2.0,5.0
1894,Goa,3.0,2.5
1895,Goa,4.0,4.5
1896,Goa,1.0,4.0
1897,Goa,2.0,5.0
1898,Goa,3.0,2.5
1899,Goa,4.0,4.5
1900,Bangalore,,
1901,Nainital,,
1902,Goa,1.0,4.0
1903,Goa,2.0,5.0
1904,Goa,3.0,2.5
1905,Goa,4.0,4.5
1906,Goa,1.0,4.0
1907,Goa,2.0,5.0
1908,Goa,3.0,2.5
1909,Goa,4.0,4.5
1910,Srinagar,,
1911,Dharamshala,1.0,5.0
1912,Dharamshala,2.0,4.5
1913,Dharamshala,4.0,3.0
1914,Udaipur,,
1915,Goa,1.0,4.0
1916,Goa,2.0,5.0
1917,Goa,3.0,2.5
1918,Goa,4.0,4.5
